{
    "timestamp": "2025-12-01T21:29:56.601733",
    "model": "experiments\\attention_cnn_20251201_194410\\best_model.pth",
    "total_files": 7,
    "statistics": {
        "total_labeled": 7,
        "correct_predictions": 2,
        "incorrect_predictions": 5,
        "no_label_count": 0,
        "accuracy_percentage": 28.57142857142857
    },
    "results": [
        {
            "audio_path": "real_data\\mg_teaser_chico_bento_e_a_goiabeira_maraviosa__9_de_janeiro_de_2025_nos_cinemas.wav",
            "predicted_accent": "MG",
            "confidence": 0.9903056621551514,
            "all_probabilities": {
                "BA": 0.00024175770522560924,
                "CE": 1.3368704458116554e-05,
                "DF": 1.2828472506498656e-07,
                "ES": 0.0002894418721552938,
                "MG": 0.9903056621551514,
                "PE": 0.005118157248944044,
                "PR": 1.1099498351541115e-06,
                "RJ": 0.0037795021198689938,
                "RN": 9.71411509453901e-07,
                "RS": 2.7499609132064506e-05,
                "SP": 0.00022243107378017157
            },
            "expected_state": "MG",
            "is_correct": true
        },
        {
            "audio_path": "real_data\\pe_povo_vai_comer_abbora_melancia_panna_lula_meme.wav",
            "predicted_accent": "RJ",
            "confidence": 0.42716097831726074,
            "all_probabilities": {
                "BA": 0.0662403479218483,
                "CE": 0.01741158962249756,
                "DF": 0.003132418030872941,
                "ES": 0.06794016063213348,
                "MG": 0.16438741981983185,
                "PE": 0.0533888079226017,
                "PR": 0.004593763966113329,
                "RJ": 0.42716097831726074,
                "RN": 0.0035371151752769947,
                "RS": 0.051355794072151184,
                "SP": 0.14085161685943604
            },
            "expected_state": "PE",
            "is_correct": false
        },
        {
            "audio_path": "real_data\\rj_davy_jones_kinnect.wav",
            "predicted_accent": "RJ",
            "confidence": 0.9983950257301331,
            "all_probabilities": {
                "BA": 5.026834514865186e-06,
                "CE": 1.7699984482533182e-06,
                "DF": 1.0788288665186663e-11,
                "ES": 5.003236310585635e-06,
                "MG": 3.372419814695604e-05,
                "PE": 1.7226113413926214e-05,
                "PR": 7.232375254240253e-10,
                "RJ": 0.9983950257301331,
                "RN": 1.5245946172193214e-10,
                "RS": 7.63583386742539e-07,
                "SP": 0.001541437697596848
            },
            "expected_state": "RJ",
            "is_correct": true
        },
        {
            "audio_path": "real_data\\rs_frases_que_s_gacho_entende__parte_2.wav",
            "predicted_accent": "RJ",
            "confidence": 0.19020166993141174,
            "all_probabilities": {
                "BA": 0.08593792468309402,
                "CE": 0.05523616820573807,
                "DF": 0.0342320017516613,
                "ES": 0.11863797903060913,
                "MG": 0.11441395431756973,
                "PE": 0.0869406908750534,
                "PR": 0.03186776489019394,
                "RJ": 0.19020166993141174,
                "RN": 0.037176333367824554,
                "RS": 0.13184429705142975,
                "SP": 0.11351122707128525
            },
            "expected_state": "RS",
            "is_correct": false
        },
        {
            "audio_path": "real_data\\rs_tu_acha_que_eu_sei_japones_cara.wav",
            "predicted_accent": "MG",
            "confidence": 0.22688469290733337,
            "all_probabilities": {
                "BA": 0.11231791228055954,
                "CE": 0.03104984574019909,
                "DF": 0.01170355174690485,
                "ES": 0.10771188139915466,
                "MG": 0.22688469290733337,
                "PE": 0.07751767337322235,
                "PR": 0.01407532673329115,
                "RJ": 0.16511915624141693,
                "RN": 0.012188872322440147,
                "RS": 0.09667421877384186,
                "SP": 0.14475679397583008
            },
            "expected_state": "RS",
            "is_correct": false
        },
        {
            "audio_path": "real_data\\sc_sotaque_de_colono!_semotuticoloni.wav",
            "predicted_accent": "SP",
            "confidence": 0.6037836670875549,
            "all_probabilities": {
                "BA": 0.0426211915910244,
                "CE": 0.0010076643666252494,
                "DF": 2.114081689796876e-05,
                "ES": 0.015928836539387703,
                "MG": 0.03375832736492157,
                "PE": 0.006546073127537966,
                "PR": 6.0681533796014264e-05,
                "RJ": 0.27211254835128784,
                "RN": 2.0488116206252016e-05,
                "RS": 0.024139314889907837,
                "SP": 0.6037836670875549
            },
            "expected_state": "SC",
            "is_correct": false
        },
        {
            "audio_path": "real_data\\sp_o_alan_imitando_o_davy_jones__impagavel_kk.wav",
            "predicted_accent": "RJ",
            "confidence": 0.9998100399971008,
            "all_probabilities": {
                "BA": 5.461020577968156e-07,
                "CE": 1.5101207281986717e-05,
                "DF": 1.8462749384884347e-10,
                "ES": 5.192530807107687e-06,
                "MG": 2.7237938411417417e-05,
                "PE": 5.777005208074115e-05,
                "PR": 9.842715975594274e-09,
                "RJ": 0.9998100399971008,
                "RN": 8.094822590010153e-09,
                "RS": 2.6487825266485743e-07,
                "SP": 8.380998770007864e-05
            },
            "expected_state": "SP",
            "is_correct": false
        }
    ]
}